2001, Apr 15
2002, Mar 31
2003, Apr 20
2004, Apr 11
2005, Mar 27
2006, Apr 16
2007, Apr 8
2008, Mar 23
2009, Apr 12
2010, Apr 4
2011, Apr 24
2012, Apr 8
2013, Mar 31
2014, Apr 20
2015, Apr 5
2016, Mar 27
2017, Apr 16
2018, Apr 1
2019, Apr 21
2020, Apr 12
2021, Apr 4
2022, Apr 17
2023, Apr 9
2024, Mar 31
2025, Apr 20
2026, Apr 5
2027, Mar 28
2028, Apr 16
2029, Apr 1
2030, Apr 21
2031, Apr 13
2032, Mar 28
2033, Apr 17
2034, Apr 9
2035, Mar 25
2036, Apr 13
2037, Apr 5
2038, Apr 25
2039, Apr 10
2040, Apr 1
2041, Apr 21
2042, Apr 6
2043, Mar 29
2044, Apr 17
2045, Apr 9
2046, Mar 25
2047, Apr 14
2048, Apr 5
2049, Apr 18
2050, Apr 10
2051, Apr 2
2052, Apr 21
2053, Apr 6
2054, Mar 29
2055, Apr 18
2056, Apr 2
2057, Apr 22
2058, Apr 14
2059, Mar 30
2060, Apr 18
2061, Apr 10
2062, Mar 26
2063, Apr 15
2064, Apr 6
2065, Mar 29
2066, Apr 11
2067, Apr 3
2068, Apr 22
2069, Apr 14
2070, Mar 30
2071, Apr 19
2072, Apr 10
2073, Mar 26
2074, Apr 15
2075, Apr 7
2076, Apr 19
2077, Apr 11
2078, Apr 3
2079, Apr 23
2080, Apr 7
2081, Mar 30
2082, Apr 19
2083, Apr 4
2084, Mar 26
2085, Apr 15
2086, Mar 31
2087, Apr 20
2088, Apr 11
2089, Apr 3
2090, Apr 16
2091, Apr 8
2092, Mar 30
2093, Apr 12
2094, Apr 4
2095, Apr 24
2096, Apr 15
2097, Mar 31
2098, Apr 20
2099, Apr 12
2100, Mar 28
2101, Apr 17
2102, Apr 9
2103, Mar 25
2104, Apr 13
2105, Apr 5
2106, Apr 18
2107, Apr 10
2108, Apr 1
2109, Apr 21
2110, Apr 6
2111, Mar 29
2112, Apr 17
2113, Apr 2
2114, Apr 22
2115, Apr 14
2116, Mar 29
2117, Apr 18
2118, Apr 10
2119, Mar 26
2120, Apr 14
